{"eval_loss": 0.38636907935142517, "eval_model_preparation_time": 0.0022, "eval_accuracy": 0.893619179725647, "eval_runtime": 56.6602, "eval_samples_per_second": 173.702, "eval_steps_per_second": 21.726}