{"eval_loss": 0.38148072361946106, "eval_accuracy": 0.8917902708053589, "eval_runtime": 8.5163, "eval_samples_per_second": 1155.667, "eval_steps_per_second": 144.546}