{"eval_loss": 0.5760633945465088, "eval_accuracy": 0.8385490775108337, "eval_runtime": 8.2337, "eval_samples_per_second": 1195.33, "eval_steps_per_second": 149.507}