{"eval_loss": 0.38636910915374756, "eval_accuracy": 0.893619179725647, "eval_runtime": 7.5804, "eval_samples_per_second": 1298.34, "eval_steps_per_second": 162.391}