{"eval_loss": 0.6206244230270386, "eval_accuracy": 0.8216825723648071, "eval_runtime": 8.5758, "eval_samples_per_second": 1147.65, "eval_steps_per_second": 143.544}